{
  "0": {
    "genus": 0,
    "count": 1,
    "bf_mean": 1.0,
    "bf_std": 0.0,
    "bf_min": 1,
    "bf_max": 1,
    "bf_median": 1.0,
    "bf_hist": {
      "1": 1
    },
    "time_s": 2.288818359375e-05
  },
  "1": {
    "genus": 1,
    "count": 1,
    "bf_mean": 2.0,
    "bf_std": 0.0,
    "bf_min": 2,
    "bf_max": 2,
    "bf_median": 2.0,
    "bf_hist": {
      "2": 1
    },
    "time_s": 1.71661376953125e-05
  },
  "2": {
    "genus": 2,
    "count": 2,
    "bf_mean": 2.0,
    "bf_std": 1.0,
    "bf_min": 1,
    "bf_max": 3,
    "bf_median": 2.0,
    "bf_hist": {
      "1": 1,
      "3": 1
    },
    "time_s": 1.71661376953125e-05
  },
  "3": {
    "genus": 3,
    "count": 4,
    "bf_mean": 1.75,
    "bf_std": 1.479019945774904,
    "bf_min": 0,
    "bf_max": 4,
    "bf_median": 1.5,
    "bf_hist": {
      "0": 1,
      "1": 1,
      "2": 1,
      "4": 1
    },
    "time_s": 2.5033950805664062e-05
  },
  "4": {
    "genus": 4,
    "count": 7,
    "bf_mean": 1.8571428571428572,
    "bf_std": 1.5518257844571737,
    "bf_min": 0,
    "bf_max": 5,
    "bf_median": 1.0,
    "bf_hist": {
      "0": 1,
      "1": 3,
      "2": 1,
      "3": 1,
      "5": 1
    },
    "time_s": 3.62396240234375e-05
  },
  "5": {
    "genus": 5,
    "count": 13,
    "bf_mean": 1.9230769230769231,
    "bf_std": 1.5423028965971863,
    "bf_min": 0,
    "bf_max": 6,
    "bf_median": 1.0,
    "bf_hist": {
      "0": 1,
      "1": 6,
      "2": 3,
      "3": 1,
      "4": 1,
      "6": 1
    },
    "time_s": 6.413459777832031e-05
  },
  "6": {
    "genus": 6,
    "count": 25,
    "bf_mean": 1.72,
    "bf_std": 1.6857046004564382,
    "bf_min": 0,
    "bf_max": 7,
    "bf_median": 1.0,
    "bf_hist": {
      "0": 6,
      "1": 8,
      "2": 5,
      "3": 3,
      "4": 1,
      "5": 1,
      "7": 1
    },
    "time_s": 0.00011754035949707031
  },
  "7": {
    "genus": 7,
    "count": 43,
    "bf_mean": 1.8372093023255813,
    "bf_std": 1.6695666135625644,
    "bf_min": 0,
    "bf_max": 8,
    "bf_median": 1.0,
    "bf_hist": {
      "0": 7,
      "1": 16,
      "2": 10,
      "3": 4,
      "4": 3,
      "5": 1,
      "6": 1,
      "8": 1
    },
    "time_s": 0.0003027915954589844
  },
  "8": {
    "genus": 8,
    "count": 79,
    "bf_mean": 1.7974683544303798,
    "bf_std": 1.686729641024296,
    "bf_min": 0,
    "bf_max": 9,
    "bf_median": 1.0,
    "bf_hist": {
      "0": 14,
      "1": 30,
      "2": 16,
      "3": 9,
      "4": 4,
      "5": 3,
      "6": 1,
      "7": 1,
      "9": 1
    },
    "time_s": 0.00042176246643066406
  },
  "9": {
    "genus": 9,
    "count": 142,
    "bf_mean": 1.7887323943661972,
    "bf_std": 1.7026532150266964,
    "bf_min": 0,
    "bf_max": 10,
    "bf_median": 1.0,
    "bf_hist": {
      "0": 27,
      "1": 51,
      "2": 31,
      "3": 14,
      "4": 9,
      "5": 4,
      "6": 3,
      "7": 1,
      "8": 1,
      "10": 1
    },
    "time_s": 0.0008454322814941406
  },
  "10": {
    "genus": 10,
    "count": 254,
    "bf_mean": 1.7677165354330708,
    "bf_std": 1.7083574968286568,
    "bf_min": 0,
    "bf_max": 11,
    "bf_median": 1.0,
    "bf_hist": {
      "0": 50,
      "1": 93,
      "2": 49,
      "3": 32,
      "4": 11,
      "5": 9,
      "6": 4,
      "7": 3,
      "8": 1,
      "9": 1,
      "11": 1
    },
    "time_s": 0.0016558170318603516
  },
  "11": {
    "genus": 11,
    "count": 449,
    "bf_mean": 1.78173719376392,
    "bf_std": 1.7032722633487691,
    "bf_min": 0,
    "bf_max": 12,
    "bf_median": 1.0,
    "bf_hist": {
      "0": 82,
      "1": 172,
      "2": 87,
      "3": 49,
      "4": 30,
      "5": 10,
      "6": 9,
      "7": 4,
      "8": 3,
      "9": 1,
      "10": 1,
      "12": 1
    },
    "time_s": 0.004033803939819336
  },
  "12": {
    "genus": 12,
    "count": 800,
    "bf_mean": 1.75875,
    "bf_std": 1.7148027401132762,
    "bf_min": 0,
    "bf_max": 13,
    "bf_median": 1.0,
    "bf_hist": {
      "0": 162,
      "1": 291,
      "2": 152,
      "3": 97,
      "4": 40,
      "5": 29,
      "6": 10,
      "7": 9,
      "8": 4,
      "9": 3,
      "10": 1,
      "11": 1,
      "13": 1
    },
    "time_s": 0.006163835525512695
  },
  "13": {
    "genus": 13,
    "count": 1407,
    "bf_mean": 1.7590618336886994,
    "bf_std": 1.7114776139471606,
    "bf_min": 0,
    "bf_max": 14,
    "bf_median": 1.0,
    "bf_hist": {
      "0": 274,
      "1": 532,
      "2": 263,
      "3": 157,
      "4": 88,
      "5": 35,
      "6": 29,
      "7": 10,
      "8": 9,
      "9": 4,
      "10": 3,
      "11": 1,
      "12": 1,
      "14": 1
    },
    "time_s": 0.011372089385986328
  },
  "14": {
    "genus": 14,
    "count": 2475,
    "bf_mean": 1.753131313131313,
    "bf_std": 1.7084653438807913,
    "bf_min": 0,
    "bf_max": 15,
    "bf_median": 1.0,
    "bf_hist": {
      "0": 482,
      "1": 939,
      "2": 472,
      "3": 259,
      "4": 155,
      "5": 78,
      "6": 32,
      "7": 29,
      "8": 10,
      "9": 9,
      "10": 4,
      "11": 3,
      "12": 1,
      "13": 1,
      "15": 1
    },
    "time_s": 0.022686243057250977
  },
  "15": {
    "genus": 15,
    "count": 4339,
    "bf_mean": 1.7492509794883613,
    "bf_std": 1.7080793779812993,
    "bf_min": 0,
    "bf_max": 16,
    "bf_median": 1.0,
    "bf_hist": {
      "0": 850,
      "1": 1651,
      "2": 814,
      "3": 464,
      "4": 262,
      "5": 135,
      "6": 74,
      "7": 31,
      "8": 29,
      "9": 10,
      "10": 9,
      "11": 4,
      "12": 3,
      "13": 1,
      "14": 1,
      "16": 1
    },
    "time_s": 0.04763174057006836
  },
  "16": {
    "genus": 16,
    "count": 7590,
    "bf_mean": 1.7420289855072464,
    "bf_std": 1.7071844140765136,
    "bf_min": 0,
    "bf_max": 17,
    "bf_median": 1.0,
    "bf_hist": {
      "0": 1498,
      "1": 2900,
      "2": 1421,
      "3": 787,
      "4": 460,
      "5": 244,
      "6": 119,
      "7": 72,
      "8": 31,
      "9": 29,
      "10": 10,
      "11": 9,
      "12": 4,
      "13": 3,
      "14": 1,
      "15": 1,
      "17": 1
    },
    "time_s": 0.09922218322753906
  },
  "17": {
    "genus": 17,
    "count": 13222,
    "bf_mean": 1.7402057177431554,
    "bf_std": 1.7037113837840008,
    "bf_min": 0,
    "bf_max": 18,
    "bf_median": 1.0,
    "bf_hist": {
      "0": 2589,
      "1": 5082,
      "2": 2494,
      "3": 1345,
      "4": 796,
      "5": 427,
      "6": 217,
      "7": 111,
      "8": 72,
      "9": 31,
      "10": 29,
      "11": 10,
      "12": 9,
      "13": 4,
      "14": 3,
      "15": 1,
      "16": 1,
      "18": 1
    },
    "time_s": 0.20796918869018555
  },
  "18": {
    "genus": 18,
    "count": 23009,
    "bf_mean": 1.734017123734191,
    "bf_std": 1.701969632534262,
    "bf_min": 0,
    "bf_max": 19,
    "bf_median": 1.0,
    "bf_hist": {
      "0": 4540,
      "1": 8843,
      "2": 4346,
      "3": 2340,
      "4": 1333,
      "5": 749,
      "6": 387,
      "7": 203,
      "8": 107,
      "9": 72,
      "10": 31,
      "11": 29,
      "12": 10,
      "13": 9,
      "14": 4,
      "15": 3,
      "16": 1,
      "17": 1,
      "19": 1
    },
    "time_s": 0.22077059745788574
  }
}