{
  "g8_5_stability": {
    "path": {
      "values": [
        4.64,
        4.58,
        4.64,
        4.7,
        4.54,
        4.72,
        4.64
      ],
      "base": 4.64,
      "cv": 0.012506335878117331,
      "range": 0.17999999999999972,
      "max_change_pct": 3.8793103448275805
    },
    "cycle": {
      "values": [
        2.98,
        4.44,
        4.6,
        4.44,
        4.54,
        4.7,
        4.58
      ],
      "base": 2.98,
      "cv": 0.12850456047698758,
      "range": 1.7200000000000002,
      "max_change_pct": 57.71812080536914
    },
    "star": {
      "values": [
        0.7,
        1.2,
        1.52,
        1.82,
        2.24,
        3.0,
        3.58
      ],
      "base": 0.7,
      "cv": 0.46651979031797897,
      "range": 2.88,
      "max_change_pct": 411.42857142857144
    },
    "grid": {
      "values": [
        2.938775510204082,
        4.469387755102041,
        4.653061224489796,
        4.673469387755102,
        4.673469387755102,
        4.73469387755102,
        4.73469387755102
      ],
      "base": 2.938775510204082,
      "cv": 0.1375451040001953,
      "range": 1.7959183673469385,
      "max_change_pct": 61.1111111111111
    },
    "complete": {
      "values": [
        0.64,
        1.38,
        2.0,
        2.82,
        3.82,
        3.68,
        4.62
      ],
      "base": 0.64,
      "cv": 0.49120792797635876,
      "range": 3.98,
      "max_change_pct": 621.875
    },
    "er_sparse": {
      "values": [
        4.7,
        4.72,
        4.86,
        4.8,
        4.78,
        4.7,
        4.82
      ],
      "base": 4.7,
      "cv": 0.012249879149347451,
      "range": 0.16000000000000014,
      "max_change_pct": 3.404255319148939
    },
    "er_dense": {
      "values": [
        5.12,
        5.08,
        5.06,
        5.14,
        5.16,
        5.14,
        5.2
      ],
      "base": 5.12,
      "cv": 0.008558379663363373,
      "range": 0.14000000000000057,
      "max_change_pct": 2.734375000000011
    },
    "barabasi": {
      "values": [
        4.42,
        4.3,
        4.68,
        4.48,
        4.78,
        4.8,
        4.72
      ],
      "base": 4.42,
      "cv": 0.03942511255973575,
      "range": 0.5,
      "max_change_pct": 11.312217194570136
    },
    "watts": {
      "values": [
        4.64,
        4.74,
        4.68,
        4.68,
        4.66,
        4.66,
        4.76
      ],
      "base": 4.64,
      "cv": 0.008788668556889681,
      "range": 0.1200000000000001,
      "max_change_pct": 2.5862068965517264
    },
    "regular": {
      "values": [
        4.64,
        4.7,
        4.7,
        4.68,
        4.74,
        4.7,
        4.64
      ],
      "base": 4.64,
      "cv": 0.007110916944933341,
      "range": 0.10000000000000053,
      "max_change_pct": 2.155172413793115
    }
  },
  "g8_5_scaling": {
    "path": {
      "sizes": [
        20,
        30,
        50,
        80,
        100,
        150,
        200
      ],
      "values": [
        5.6,
        4.966666666666667,
        4.64,
        4.1625,
        4.12,
        4.02,
        4.015
      ],
      "cv": 0.1236681545576642
    },
    "cycle": {
      "sizes": [
        20,
        30,
        50,
        80,
        100,
        150,
        200
      ],
      "values": [
        4.15,
        3.3666666666666667,
        2.98,
        2.5,
        2.47,
        2.2533333333333334,
        2.205
      ],
      "cv": 0.23047721869698626
    },
    "er_sparse": {
      "sizes": [
        20,
        30,
        50,
        80,
        100,
        150,
        200
      ],
      "values": [
        6.176470588235294,
        5.206896551724138,
        4.7,
        4.5625,
        4.55,
        4.513333333333334,
        4.55
      ],
      "cv": 0.11639955528516738
    },
    "barabasi": {
      "sizes": [
        20,
        30,
        50,
        80,
        100,
        150,
        200
      ],
      "values": [
        5.3,
        4.533333333333333,
        4.42,
        4.0875,
        3.99,
        3.84,
        3.675
      ],
      "cv": 0.11903505003328302
    },
    "watts": {
      "sizes": [
        20,
        30,
        50,
        80,
        100,
        150,
        200
      ],
      "values": [
        6.0,
        5.2,
        4.64,
        4.425,
        4.3,
        4.173333333333333,
        4.18
      ],
      "cv": 0.1327242097152351
    }
  },
  "g8_6_transition": {
    "rewire_probs": [
      0.0,
      0.005263157894736842,
      0.010526315789473684,
      0.015789473684210527,
      0.021052631578947368,
      0.02631578947368421,
      0.031578947368421054,
      0.03684210526315789,
      0.042105263157894736,
      0.04736842105263158,
      0.05263157894736842,
      0.05789473684210526,
      0.06315789473684211,
      0.06842105263157895,
      0.07368421052631578,
      0.07894736842105263,
      0.08421052631578947,
      0.08947368421052632,
      0.09473684210526316,
      0.1,
      0.1285714285714286,
      0.15714285714285714,
      0.18571428571428572,
      0.2142857142857143,
      0.24285714285714288,
      0.27142857142857146,
      0.30000000000000004,
      0.3285714285714286,
      0.3571428571428572,
      0.3857142857142858,
      0.41428571428571437,
      0.44285714285714284,
      0.4714285714285714,
      0.5,
      0.5555555555555556,
      0.6111111111111112,
      0.6666666666666666,
      0.7222222222222222,
      0.7777777777777778,
      0.8333333333333333,
      0.8888888888888888,
      0.9444444444444444,
      1.0
    ],
    "betti0_mean": [
      0.25000000000000006,
      0.2522881355932204,
      0.25745762711864406,
      0.2559322033898305,
      0.25768361581920896,
      0.26194915254237283,
      0.26680790960451983,
      0.26661016949152544,
      0.26926553672316383,
      0.27666666666666667,
      0.27666666666666667,
      0.27850282485875705,
      0.27991525423728814,
      0.2857909604519774,
      0.2903107344632768,
      0.2913841807909604,
      0.29604519774011295,
      0.2984180790960452,
      0.3046610169491525,
      0.29909604519774013,
      0.30491525423728816,
      0.3081920903954802,
      0.3234180790960452,
      0.3240677966101695,
      0.3196045197740113,
      0.31841807909604514,
      0.31389830508474575,
      0.3090677966101695,
      0.3118926553672317,
      0.30542372881355934,
      0.3050564971751413,
      0.3015536723163842,
      0.304406779661017,
      0.2945197740112994,
      0.28556497175141243,
      0.2884180790960452,
      0.2882485875706215,
      0.2786158192090396,
      0.2896610169491525,
      0.2883333333333334,
      0.2840395480225989,
      0.278361581920904,
      0.28406779661016957
    ],
    "betti0_std": [
      0.0,
      0.004099842385655733,
      0.013588539613310056,
      0.0073114199069163124,
      0.006704265324797155,
      0.004979770112863329,
      0.010481710647576782,
      0.01192431739492844,
      0.015327715893935407,
      0.01439359095000333,
      0.01439359095000333,
      0.01326853929964974,
      0.013346493553201931,
      0.01072315788846851,
      0.014069271358726513,
      0.015970073596020932,
      0.01084208612297341,
      0.013103630391337847,
      0.024226849055049123,
      0.016236574533462292,
      0.015110591709327425,
      0.020421794690049625,
      0.01055696243129617,
      0.0072459692044452295,
      0.009354250101250728,
      0.005241312089646998,
      0.003111963695801205,
      0.01344389428676807,
      0.007734853258461803,
      0.005111043108654784,
      0.0033417016473785443,
      0.007488806589663077,
      0.006765757872374875,
      0.013892275114671641,
      0.008858713824407343,
      0.009533636740500692,
      0.007075354880511631,
      0.005626080497796993,
      0.008816727664615233,
      0.007261370729255908,
      0.004813048698414446,
      0.007460729537874955,
      0.0070420051755403015
    ],