{
  "surviving": [
    {
      "law": {
        "strat": 3,
        "type": "nonlinear",
        "op": "complement",
        "coefficients": {
          "energy_over_n": 0.4298,
          "energy": 0.4298,
          "adj_rank": -0.4209,
          "energy_over_m": 0.3501,
          "lap_energy": 0.3281,
          "max_deg": 0.221
        },
        "sigma": 0.14586924,
        "residual_std": 0.0274655,
        "n": 28,
        "formula": "0.4298*log(\u0394energy_over_n) + 0.4298*log(\u0394energy) + -0.4209*log(\u0394adj_rank) + 0.3501*log(\u0394energy_over_m) + 0.3281*log(\u0394lap_energy) + 0.221*log(\u0394max_deg) \u2248 0  [T=complement]"
      },
      "new_std": 0.206497805902728,
      "new_mean": 0.1812042307465757,
      "orig_sigma": 0.14586924,
      "n_test": 82
    },
    {
      "law": {
        "strat": 3,
        "type": "nonlinear",
        "op": "complement",
        "coefficients": {
          "lap_max_over_max_deg": -0.5938,
          "lap_max": -0.5927,
          "sr_over_avg_deg": 0.292,
          "spectral_radius": 0.2911,
          "transitivity": -0.2317,
          "lap_energy": 0.1339
        },
        "sigma": 0.08726045,
        "residual_std": 0.01601845,
        "n": 28,
        "formula": "-0.5938*log(\u0394lap_max_over_max_deg) + -0.5927*log(\u0394lap_max) + 0.292*log(\u0394sr_over_avg_deg) + 0.2911*log(\u0394spectral_radius) + -0.2317*log(\u0394transitivity) + 0.1339*log(\u0394lap_energy) \u2248 0  [T=complement]"
      },
      "new_std": 0.1734172029646883,
      "new_mean": -0.17159623646568525,
      "orig_sigma": 0.08726045,
      "n_test": 51
    },
    {
      "law": {
        "strat": 3,
        "type": "nonlinear",
        "op": "corona",
        "coefficients": {
          "transitivity": -0.4439,
          "max_deg": 0.4197,
          "lap_energy": 0.3116,
          "lap_max": 0.3003,
          "deg_std": -0.2726,
          "n": -0.2245
        },
        "sigma": 0.08554738,
        "residual_std": 0.01425775,
        "n": 36,
        "formula": "-0.4439*log(\u0394transitivity) + 0.4197*log(\u0394max_deg) + 0.3116*log(\u0394lap_energy) + 0.3003*log(\u0394lap_max) + -0.2726*log(\u0394deg_std) + -0.2245*log(\u0394n) \u2248 0  [T=corona]"
      },
      "new_std": 0.08533266647505644,
      "new_mean": 0.2033852976056043,
      "orig_sigma": 0.08554738,
      "n_test": 43
    },
    {
      "law": {
        "strat": 3,
        "type": "nonlinear",
        "op": "corona",
        "coefficients": {
          "max_deg": 0.6238,
          "transitivity": 0.5812,
          "lap_max_over_max_deg": -0.3507,
          "lap_max": 0.2731,
          "energy_over_m": -0.1193,
          "lap_energy": -0.1077
        },
        "sigma": 0.05179308,
        "residual_std": 0.00863218,
        "n": 36,
        "formula": "0.6238*log(\u0394max_deg) + 0.5812*log(\u0394transitivity) + -0.3507*log(\u0394lap_max_over_max_deg) + 0.2731*log(\u0394lap_max) + -0.1193*log(\u0394energy_over_m) + -0.1077*log(\u0394lap_energy) \u2248 0  [T=corona]"
      },
      "new_std": 0.02406443116402614,
      "new_mean": -0.23166377977305855,
      "orig_sigma": 0.05179308,
      "n_test": 57
    },
    {
      "law": {
        "strat": 3,
        "type": "nonlinear",
        "op": "corona",
        "coefficients": {
          "lap_max_over_max_deg": 0.5301,
          "density": -0.4965,
          "lap_max": 0.3641,
          "sr_over_avg_deg": -0.276,
          "transitivity": 0.2221,
          "n": -0.2048
        },
        "sigma": 0.03112658,
        "residual_std": 0.00518776,
        "n": 36,
        "formula": "0.5301*log(\u0394lap_max_over_max_deg) + -0.4965*log(\u0394density) + 0.3641*log(\u0394lap_max) + -0.276*log(\u0394sr_over_avg_deg) + 0.2221*log(\u0394transitivity) + -0.2048*log(\u0394n) \u2248 0  [T=corona]"
      },
      "new_std": 0.06332702380815049,
      "new_mean": 0.2329240386225741,
      "orig_sigma": 0.03112658,
      "n_test": 57
    },
    {
      "law": {
        "strat": 3,
        "type": "nonlinear",
        "op": "cart_K2",
        "coefficients": {
          "max_deg": 0.6816,
          "lap_max_over_max_deg": -0.3813,
          "transitivity": 0.3347,
          "lap_max": 0.3003,
          "density": 0.2251,
          "sr_over_avg_deg": -0.1678
        },
        "sigma": 0.05218599,
        "residual_std": 0.00869766,
        "n": 36,
        "formula": "0.6816*log(\u0394max_deg) + -0.3813*log(\u0394lap_max_over_max_deg) + 0.3347*log(\u0394transitivity) + 0.3003*log(\u0394lap_max) + 0.2251*log(\u0394density) + -0.1678*log(\u0394sr_over_avg_deg) \u2248 0  [T=cart_K2]"
      },
      "new_std": 0.0303375517454945,
      "new_mean": -0.12001233702394512,
      "orig_sigma": 0.05218599,
      "n_test": 57
    },
    {
      "law": {
        "strat": 3,
        "type": "nonlinear",
        "op": "cart_K2",
        "coefficients": {
          "lap_max_over_max_deg": 0.6585,
          "lap_max": 0.4573,
          "spanning_trees_log": -0.3176,
          "transitivity": 0.2616,
          "max_deg": -0.2012,
          "sr_over_avg_deg": -0.187
        },
        "sigma": 0.03276726,
        "residual_std": 0.00546121,
        "n": 36,
        "formula": "0.6585*log(\u0394lap_max_over_max_deg) + 0.4573*log(\u0394lap_max) + -0.3176*log(\u0394spanning_trees_log) + 0.2616*log(\u0394transitivity) + -0.2012*log(\u0394max_deg) + -0.187*log(\u0394sr_over_avg_deg) \u2248 0  [T=cart_K2]"
      },
      "new_std": 0.06446265480624673,
      "new_mean": -0.28843038488367784,
      "orig_sigma": 0.03276726,
      "n_test": 57
    },
    {
      "law": {
        "strat": 3,
        "type": "nonlinear",
        "op": "cart_K2",
        "coefficients": {
          "density": -0.5218,
          "spanning_trees_log": -0.3728,
          "spectral_radius": 0.297,
          "tri_over_m": -0.2775,
          "avg_deg": 0.2775,
          "m_over_n": 0.2775
        },
        "sigma": 0.01949243,
        "residual_std": 0.00324874,
        "n": 36,
        "formula": "-0.5218*log(\u0394density) + -0.3728*log(\u0394spanning_trees_log) + 0.297*log(\u0394spectral_radius) + -0.2775*log(\u0394tri_over_m) + 0.2775*log(\u0394avg_deg) + 0.2775*log(\u0394m_over_n) \u2248 0  [T=cart_K2]"
      },
      "new_std": 0.017961333396295295,
      "new_mean": 0.14815804449644837,
      "orig_sigma": 0.01949243,
      "n_test": 57
    },
    {
      "law": {
        "strat": 3,
        "type": "nonlinear",
        "op": "double",
        "coefficients": {
          "max_deg": 0.6816,
          "lap_max_over_max_deg": -0.3813,
          "transitivity": 0.3347,
          "lap_max": 0.3003,
          "density": 0.2251,
          "sr_over_avg_deg": -0.1678
        },
        "sigma": 0.05218599,
        "residual_std": 0.00869766,
        "n": 36,
        "formula": "0.6816*log(\u0394max_deg) + -0.3813*log(\u0394lap_max_over_max_deg) + 0.3347*log(\u0394transitivity) + 0.3003*log(\u0394lap_max) + 0.2251*log(\u0394density) + -0.1678*log(\u0394sr_over_avg_deg) \u2248 0  [T=double]"
      },
      "new_std": 0.030337551745494504,
      "new_mean": -0.12001233702394505,
      "orig_sigma": 0.05218599,
      "n_test": 57
    },
    {
      "law": {
        "strat": 3,
        "type": "nonlinear",
        "op": "double",
        "coefficients": {
          "lap_max_over_max_deg": 0.6585,
          "lap_max": 0.4573,
          "spanning_trees_log": -0.3176,
          "transitivity": 0.2616,
          "max_deg": -0.2012,
          "sr_over_avg_deg": -0.187
        },
        "sigma": 0.03276726,
        "residual_std": 0.00546121,
        "n": 36,
        "formula": "0.6585*log(\u0394lap_max_over_max_deg) + 0.4573*log(\u0394lap_max) + -0.3176*log(\u0394spanning_trees_log) + 0.2616*log(\u0394transitivity) + -0.2012*log(\u0394max_deg) + -0.187*log(\u0394sr_over_avg_deg) \u2248 0  [T=double]"
      },
      "new_std": 0.06446265480624669,
      "new_mean": -0.28843038488367784,
      "orig_sigma": 0.03276726,